2025-11-29,3884
2025-11-30,3374
2025-12-01,4721
2025-12-02,4408
2025-12-03,2760
2025-12-04,4318
2025-12-05,6706
2025-12-06,6383
2025-12-07,1923
2025-12-09,4722
2025-12-10,5453
2025-12-11,42
2025-12-12,5038
2025-12-13,4427
2025-12-14,866
2025-12-15,26
2025-12-16,2004
2025-12-17,4685
2025-12-18,3645
2025-12-19,4093
2025-12-20,2304
2025-11-09,1736
2025-11-10,3019
2025-11-11,66
2025-11-12,2774
2025-11-13,5043
2025-11-14,3990
2025-11-15,4059
2025-11-16,223
2025-11-17,2693
2025-11-18,4338
2025-11-19,3098
2025-11-20,8966
2025-11-21,4781
2025-11-22,2823
2025-11-23,965
2025-11-24,2950
2025-11-25,2017
2025-11-26,3737
2025-11-27,2312
2025-11-28,3682
2025-05-13,1473
2025-05-14,2783
2025-05-15,4098
2025-05-16,1099
2025-05-17,2018
2025-05-18,213
2025-05-19,1041
2025-05-20,3315
2025-05-21,2843
2025-05-22,3136
2025-05-23,3193
2025-05-24,4860
2025-05-25,74
2025-05-26,2216
2025-05-27,3640
2025-05-28,6760
2025-05-29,5338
2025-05-30,3115
2025-05-31,5311
2025-06-01,4981
2025-06-02,2915
2025-06-03,3947
2025-06-04,6052
2025-06-05,3813
2025-06-06,3341
2025-06-07,3350
2025-06-08,1198
2025-06-09,5404
2025-06-10,1763
2025-06-11,1159
2025-06-12,4188
2025-06-13,2393
2025-06-14,7998
2025-06-15,2494
2025-06-16,166
2025-06-17,3751
2025-06-18,2409
2025-06-19,3863
2025-06-20,3765
2025-06-21,6497
2025-06-22,6308
2025-06-23,2397
2025-06-24,2145
2025-06-25,6998
2025-06-26,6017
2025-06-27,5353
2025-06-28,6403
2025-06-29,2927
2025-06-30,2395
2025-07-01,2148
2025-07-02,5277
2025-07-03,2566
2025-07-04,8318
2025-07-05,3505
2025-07-06,5482
2025-07-07,2825
2025-07-08,3880
2025-07-09,6387
2025-07-10,4583
2025-07-11,8796
2025-07-12,3980
2025-07-13,3020
2025-07-14,2690
2025-07-15,6900
2025-07-16,5875
2025-07-17,2609
2025-07-18,5586
2025-07-19,3903
2025-07-20,1380
2025-07-21,5533
2025-07-22,4023
2025-07-23,4164
2025-07-24,2885
2025-07-25,6803
2025-07-26,3489
2025-07-27,3270
2025-07-28,2708
2025-07-29,1940
2025-07-30,2594
2025-07-31,1975
2025-08-01,3953
2025-08-02,6278
2025-08-03,6785
2025-08-04,6173
2025-08-05,2889
2025-08-06,2749
2025-08-07,2513
2025-08-08,4097
2025-08-09,9815
2025-08-10,5840
2025-08-11,4140
2025-08-12,4093
2025-08-13,4231
2025-08-14,2210
2025-08-15,3382
2025-08-16,2258
2025-08-17,3506
2025-08-18,3932
2025-08-19,4563
2025-08-20,7291
2025-08-21,6429
2025-08-22,8752
2025-08-23,4148
2025-08-24,5294
2025-08-25,9351
2025-08-26,7523
2025-08-27,8788
2025-08-28,2086
2025-08-29,14115
2025-08-30,2465
2025-08-31,8084
2025-09-01,1095
2025-09-02,4556
2025-09-03,5787
2025-09-04,2534
2025-09-05,13121
2025-09-06,13156
2025-09-07,2332
2025-09-08,6086
2025-09-09,2008
2025-09-10,3503
2025-09-11,4477
2025-09-12,6845
2025-09-13,10009
2025-09-14,1769
2025-09-15,5102
2025-09-16,1908
2025-09-17,6328
2025-09-18,2305
2025-09-19,6710
2025-09-20,2052
2025-09-21,10912
2025-09-22,4194
2025-09-23,2128
2025-09-24,6971
2025-09-25,4712
2025-09-26,5210
2025-09-27,1089
2025-09-28,1665
2025-09-29,4298
2025-09-30,2652
2025-10-01,5113
2025-10-02,3014
2025-10-03,8365
2025-10-04,8952
2025-10-05,12363
2025-10-06,4149
2025-10-07,4442
2025-10-08,6994
2025-10-09,2857
2025-10-10,13424
2025-10-11,4437
2025-10-12,1985
2025-10-13,4534
2025-10-14,5604
2025-10-15,4843
2025-10-16,4054
2025-10-17,4081
2025-10-18,6463
2025-10-19,2641
2025-10-20,1324
2025-10-21,4173
2025-10-22,5370
2025-10-23,4656
2025-10-24,18418
2025-10-25,5221
2025-10-26,18
2025-10-27,5008
2025-10-28,6294
2025-10-29,3686
2025-10-30,3912
2025-10-31,7995
2025-11-01,11612
2025-11-02,135
2025-11-03,3143
2025-11-04,2380
2025-11-05,4719
2025-11-06,5947
2025-11-07,6943
2025-11-08,1749
2024-11-13,7907
2024-11-14,10421
2024-11-15,6362
2024-11-16,1821
2024-11-17,4227
2024-11-18,8664
2024-11-19,8733
2024-11-20,4595
2024-11-21,4777
2024-11-22,4308
2024-11-23,2736
2024-11-24,3233
2024-11-25,5711
2024-11-26,1723
2024-11-27,2216
2024-11-28,1688
2024-11-29,643
2024-11-30,1212
2024-12-01,1658
2024-12-02,4162
2024-12-03,6753
2024-12-04,4536
2024-12-05,6149
2024-12-06,7837
2024-12-07,1612
2024-12-08,6190
2024-12-09,5306
2024-12-10,7233
2024-12-11,7583
2024-12-12,2509
2024-12-13,5891
2024-12-14,5581
2024-12-15,1679
2024-12-16,5613
2024-12-17,1551
2024-12-18,4559
2024-12-19,505
2024-12-20,9085
2024-12-21,2875
2024-12-22,2993
2024-12-23,593
2024-12-24,1644
2024-12-25,1089
2024-12-26,919
2024-12-27,4104
2024-12-28,46
2024-12-29,7186
2024-12-30,461
2024-12-31,8210
2025-01-01,3314
2025-01-02,4716
2025-01-03,5001
2025-01-04,4108
2025-01-05,3767
2025-01-06,6907
2025-01-07,3502
2025-01-08,3614
2025-01-09,3819
2025-01-10,3444
2025-01-11,1889
2025-01-12,3433
2025-01-13,833
2025-01-14,457
2025-01-15,1920
2025-01-16,2292
2025-01-17,675
2025-01-18,4416
2025-01-20,5496
2025-01-21,4281
2025-01-22,6071
2025-01-23,4265
2025-01-24,10706
2025-01-25,797
2025-01-26,5598
2025-01-27,5492
2025-01-28,5481
2025-01-29,6650
2025-01-30,4722
2025-01-31,12761
2025-02-01,1646
2025-02-02,8578
2025-02-03,5633
2025-02-04,4987
2025-02-05,6571
2025-02-06,3971
2025-02-07,9879
2025-02-08,4554
2025-02-09,2696
2025-02-10,8720
2025-02-11,954
2025-02-12,1384
2025-02-13,4282
2025-02-14,8021
2025-02-15,1406
2025-02-16,8544
2025-02-17,5407
2025-02-18,4962
2025-02-19,5441
2025-02-20,4040
2025-02-21,9573
2025-02-22,1457
2025-02-23,5373
2025-02-24,6279
2025-02-25,4694
2025-02-26,3853
2025-02-27,4342
2025-02-28,10183
2025-03-01,729
2025-03-02,8538
2025-03-03,4118
2025-03-04,5421
2025-03-05,3227
2025-03-06,3926
2025-03-07,5518
2025-03-08,2489
2025-03-09,6394
2025-03-10,3344
2025-03-11,4169
2025-03-12,4131
2025-03-13,4612
2025-03-14,3244
2025-03-15,3336
2025-03-16,2493
2025-03-17,5403
2025-03-18,4828
2025-03-19,5833
2025-03-20,7161
2025-03-21,9021
2025-03-22,1407
2025-03-23,9407
2025-03-24,5329
2025-03-25,4586
2025-03-26,3252
2025-03-27,4176
2025-03-28,6989
2025-03-29,6114
2025-03-30,6744
2025-03-31,4967
2025-04-01,4662
2025-04-02,5950
2025-04-03,4089
2025-04-04,9316
2025-04-05,3265
2025-04-06,9074
2025-04-07,8673
2025-04-08,5046
2025-04-09,5420
2025-04-10,6978
2025-04-11,9004
2025-04-12,1654
2025-04-13,4526
2025-04-14,6735
2025-04-15,4621
2025-04-16,5369
2025-04-17,6355
2025-04-18,9651
2025-04-19,4948
2025-04-20,8414
2025-04-21,3530
2025-04-22,7307
2025-04-23,6367
2025-04-24,6521
2025-04-25,9010
2025-04-26,1362
2025-04-27,4891
2025-04-28,6078
2025-04-29,7106
2025-04-30,5053
2025-05-01,4836
2025-05-02,8261
2025-05-03,3641
2025-05-04,7471
2025-05-05,5417
2025-05-06,4191
2025-05-07,1555
2025-05-08,3753
2025-05-09,4538
2025-05-10,4429
2025-05-11,7591
2025-05-12,1862
2024-05-17,5764
2024-05-18,5676
2024-05-19,616
2024-05-20,13190
2024-05-21,7425
2024-05-22,5056
2024-05-23,13747
2024-05-24,6103
2024-05-25,4128
2024-05-26,3989
2024-05-27,10182
2024-05-28,5466
2024-05-30,9560
2024-05-29,304
2024-05-31,2473
2024-06-01,543
2024-06-02,2374
2024-06-03,2063
2024-06-04,891
2024-06-05,4668
2024-06-06,7657
2024-06-07,5505
2024-06-08,5623
2024-06-09,3887
2024-06-10,419
2024-06-11,4320
2024-06-12,2924
2024-06-13,1960
2024-06-14,5000
2024-06-15,6277
2024-06-16,943
2024-06-17,3961
2024-06-18,2348
2024-06-19,626
2024-06-20,772
2024-06-21,2834
2024-06-22,2908
2024-06-23,2129
2024-06-24,5043
2024-06-25,2669
2024-06-26,3302
2024-06-27,2163
2024-06-28,3246
2024-06-29,2500
2024-06-30,1221
2024-07-01,1389
2024-07-02,14677
2024-07-03,2372
2024-07-04,1403
2024-07-05,13413
2024-07-06,5372
2024-07-07,1843
2024-07-08,1100
2024-07-09,2432
2024-07-10,1212
2024-07-11,1493
2024-07-12,2761
2024-07-13,3771
2024-07-14,5324
2024-07-15,4390
2024-07-16,1633
2024-07-17,8188
2024-07-18,4298
2024-07-19,1416
2024-07-20,3382
2024-07-21,2991
2024-07-22,1193
2024-07-23,2932
2024-07-24,778
2024-07-25,2258
2024-07-26,3047
2024-07-27,871
2024-07-28,492
2024-07-29,382
2024-07-30,2163
2024-07-31,2577
2024-08-01,4615
2024-08-02,1364
2024-08-03,1827
2024-08-04,2584
2024-08-05,4476
2024-08-06,2962
2024-08-07,4835
2024-08-08,1341
2024-08-09,2409
2024-08-10,411
2024-08-11,3147
2024-08-12,4712
2024-08-13,8812
2024-08-14,3046
2024-08-15,8471
2024-08-16,3947
2024-08-17,3322
2024-08-18,4605
2024-08-19,4187
2024-08-20,5640
2024-08-21,6180
2024-08-22,20783
2024-08-23,13348
2024-08-24,20888
2024-08-25,5685
2024-08-26,7031
2024-08-27,8514
2024-08-28,6489
2024-08-29,10501
2024-08-30,8113
2024-08-31,14332
2024-09-01,6006
2024-09-02,4788
2024-09-03,8741
2024-09-04,8809
2024-09-05,15014
2024-09-06,8958
2024-09-07,11419
2024-09-08,6752
2024-09-09,7809
2024-09-10,7037
2024-09-11,9271
2024-09-12,8101
2024-09-13,7747
2024-09-14,6388
2024-09-15,10198
2024-09-16,6870
2024-09-17,8354
2024-09-18,8643
2024-09-19,9281
2024-09-20,7522
2024-09-21,14770
2024-09-22,89
2024-09-23,3954
2024-09-24,8051
2024-09-25,7519
2024-09-26,9357
2024-09-27,5011
2024-09-28,970
2024-09-29,6890
2024-09-30,8752
2024-10-01,7442
2024-10-02,7666
2024-10-03,9231
2024-10-04,10111
2024-10-05,2233
2024-10-06,6201
2024-10-07,8281
2024-10-08,7147
2024-10-09,4968
2024-10-10,6772
2024-10-11,6883
2024-10-12,3459
2024-10-13,4800
2024-10-14,6762
2024-10-15,4800
2024-10-16,6034
2024-10-17,3489
2024-10-18,6111
2024-10-19,4678
2024-10-20,4232
2024-10-21,6704
2024-10-22,6933
2024-10-23,7612
2024-10-24,8995
2024-10-25,6777
2024-10-26,800
2024-10-27,9110
2024-10-28,5663
2024-10-29,6902
2024-10-30,3776
2024-10-31,6408
2024-11-01,6872
2024-11-02,3901
2024-11-03,4782
2024-11-04,6854
2024-11-05,6630
2024-11-06,7341
2024-11-07,7636
2024-11-08,7516
2024-11-09,1852
2024-11-10,6396
2024-11-11,5276
2024-11-12,8397
2023-11-20,4348
2023-11-21,4875
2023-11-22,6264
2023-11-23,1042
2023-11-24,3473
2023-11-25,2216
2023-11-26,17244
2023-11-27,10124
2023-11-28,4260
2023-11-29,4261
2023-11-30,9034
2023-12-01,3763
2023-12-02,1628
2023-12-03,131
2023-12-04,10268
2023-12-05,3676
2023-12-06,3758
2023-12-07,9917
2023-12-08,3554
2023-12-09,651
2023-12-10,3096
2023-12-11,10239
2023-12-12,5732
2023-12-13,3430
2023-12-14,9005
2023-12-15,4097
2023-12-16,588
2023-12-17,1906
2023-12-18,12242
2023-12-19,1337
2023-12-20,609
2023-12-21,12682
2023-12-22,56
2023-12-23,709
2023-12-24,18814
2023-12-25,842
2023-12-26,4200
2023-12-27,2435
2023-12-28,2413
2023-12-29,2224
2023-12-30,1852
2023-12-31,2081
2024-01-01,1275
2024-01-02,3022
2024-01-03,4029
2024-01-04,12540
2024-01-05,3642
2024-01-06,694
2024-01-07,37
2024-01-08,10367
2024-01-09,3755
2024-01-10,2958
2024-01-11,10000
2024-01-12,3078
2024-01-13,2
2024-01-14,23
2024-01-15,7852
2024-01-16,174
2024-01-17,3606
2024-01-18,11306
2024-01-19,153
2024-01-20,2983
2024-01-21,1217
2024-01-22,12829
2024-01-23,3109
2024-01-24,4598
2024-01-25,10364
2024-01-26,26
2024-01-27,891
2024-01-28,462
2024-01-29,13937
2024-01-30,2860
2024-01-31,568
2024-02-01,9963
2024-02-02,4104
2024-02-03,1915
2024-02-04,5333
2024-02-05,12111
2024-02-06,4630
2024-02-07,3649
2024-02-08,10575
2024-02-09,3477
2024-02-10,538
2024-02-11,82
2024-02-12,11738
2024-02-13,3698
2024-02-14,3377
2024-02-15,10571
2024-02-16,4760
2024-02-17,3847
2024-02-18,1456
2024-02-19,8239
2024-02-20,3958
2024-02-21,4071
2024-02-22,10697
2024-02-23,3433
2024-02-24,76
2024-02-25,189
2024-02-26,10552
2024-02-27,2170
2024-02-28,3079
2024-02-29,11170
2024-03-01,4447
2024-03-02,4595
2024-03-03,2359
2024-03-04,11396
2024-03-05,562
2024-03-06,3664
2024-03-07,10652
2024-03-08,8273
2024-03-09,996
2024-03-10,312
2024-03-11,13024
2024-03-12,7368
2024-03-13,3414
2024-03-14,12669
2024-03-15,6434
2024-03-16,3940
2024-03-17,2920
2024-03-18,10002
2024-03-19,3989
2024-03-20,6116
2024-03-21,12470
2024-03-22,4199
2024-03-23,246
2024-03-24,508
2024-03-25,10289
2024-03-26,1978
2024-03-27,3858
2024-03-28,12413
2024-03-29,2021
2024-03-30,1681
2024-03-31,1282
2024-04-01,11892
2024-04-02,2218
2024-04-03,4180
2024-04-04,11602
2024-04-05,4051
2024-04-06,4136
2024-04-07,1684
2024-04-08,12360
2024-04-09,5224
2024-04-10,2820
2024-04-11,12454
2024-04-12,2708
2024-04-13,580
2024-04-14,2770
2024-04-15,15655
2024-04-16,5690
2024-04-17,10088
2024-04-18,13724
2024-04-19,6815
2024-04-20,2338
2024-04-21,494
2024-04-22,14963
2024-04-23,7376
2024-04-24,4397
2024-04-25,12305
2024-04-26,3534
2024-04-27,4295
2024-04-28,2838
2024-04-29,11942
2024-04-30,5116
2024-05-01,4161
2024-05-02,16916
2024-05-04,1430
2024-05-05,2075
2024-05-06,13413
2024-05-07,3216
2024-05-08,4918
2024-05-09,14476
2024-05-10,3977
2024-05-11,3292
2024-05-12,3465
2024-05-13,13466
2024-05-14,6764
2024-05-15,6143
2024-05-16,15228
2023-05-23,4980
2023-05-24,4996
2023-05-25,10608
2023-05-26,7109
2023-05-27,2304
2023-05-28,2271
2023-05-29,11010
2023-05-30,4055
2023-05-31,4544
2023-06-01,9065
2023-06-02,5052
2023-06-03,4565
2023-06-04,6959
2023-06-05,13423
2023-06-06,5198
2023-06-07,3292
2023-06-08,6759
2023-06-09,5279
2023-06-10,4597
2023-06-11,2117
2023-06-12,7394
2023-06-14,483
2023-06-15,7032
2023-06-16,925
2023-06-17,2391
2023-06-18,3795
2023-06-19,2532
2023-06-20,10954
2023-06-21,3177
2023-06-22,2115
2023-06-23,5733
2023-06-24,2417
2023-06-25,3525
2023-06-26,1909
2023-06-27,3951
2023-06-28,2965
2023-06-29,3981
2023-06-30,6245
2023-07-01,7038
2023-07-02,2972
2023-07-03,2942
2023-07-05,226
2023-07-06,3746
2023-07-07,988
2023-07-08,1251
2023-07-09,2653
2023-07-10,344
2023-07-11,4402
2023-07-12,2716
2023-07-15,837
2023-07-16,1537
2023-07-17,13213
2023-07-13,1010
2023-07-14,823
2023-07-18,2393
2023-07-19,2520
2023-07-20,12400
2023-07-21,646
2023-07-22,2854
2023-07-23,3292
2023-07-24,12341
2023-07-25,962
2023-07-26,2510
2023-07-27,11407
2023-07-28,2286
2023-07-30,1478
2023-07-31,12283
2023-08-01,577
2023-08-02,2079
2023-08-03,8916
2023-08-04,3004
2023-08-05,7199
2023-08-06,5148
2023-08-07,3060
2023-08-08,4702
2023-08-09,2409
2023-08-11,164
2023-08-12,5390
2023-08-13,360
2023-08-16,91
2023-08-17,159
2023-08-18,351
2023-08-19,77
2023-08-20,380
2023-08-21,4434
2023-08-22,7049
2023-08-23,5105
2023-08-24,3563
2023-08-25,4027
2023-08-26,574
2023-08-27,518
2023-08-28,4065
2023-08-29,3140
2023-08-30,4496
2023-08-31,3852
2023-09-01,1715
2023-09-02,6551
2023-09-03,4832
2023-09-04,123
2023-09-05,4812
2023-09-06,3530
2023-09-07,10960
2023-09-08,3113
2023-09-09,317
2023-09-10,9
2023-09-11,11882
2023-09-12,4202
2023-09-13,3657
2023-09-14,10516
2023-09-15,2757
2023-09-16,5730
2023-09-17,1142
2023-09-18,10153
2023-09-19,4937
2023-09-20,4839
2023-09-21,12642
2023-09-22,3172
2023-09-24,580
2023-09-25,7181
2023-09-26,4081
2023-09-27,3106
2023-09-28,10176
2023-09-29,4696
2023-09-30,4461
2023-10-01,3784
2023-10-02,10516
2023-10-03,4623
2023-10-04,3617
2023-10-05,10742
2023-10-06,3173
2023-10-07,670
2023-10-08,6228
2023-10-09,6412
2023-10-10,3007
2023-10-12,3745
2023-10-13,3912
2023-10-14,1930
2023-10-15,5760
2023-10-16,3557
2023-10-17,4933
2023-10-18,4469
2023-10-19,4300
2023-10-20,3986
2023-10-21,4650
2023-10-22,2305
2023-10-23,10803
2023-10-24,4518
2023-10-25,3535
2023-10-26,9560
2023-10-27,4817
2023-10-28,5899
2023-10-29,2329
2023-10-30,3542
2023-10-31,8846
2023-11-01,3018
2023-11-02,3741
2023-11-03,2507
2023-11-04,39
2023-11-05,819
2023-11-06,184
2023-11-07,836
2023-11-08,2375
2023-11-09,4031
2023-11-10,5757
2023-11-11,6787
2023-11-12,2161
2023-11-13,3041
2023-11-14,3999
2023-11-15,3731
2023-11-16,3970
2023-11-17,2942
2023-11-18,591
2023-11-19,514
2022-11-24,1387
2022-11-25,1309
2022-11-26,1889
2022-11-27,3290
2022-11-28,11988
2022-11-29,5414
2022-11-30,6104
2022-12-01,9581
2022-12-02,6713
2022-12-03,2545
2022-12-04,1230
2022-12-05,11050
2022-12-06,5601
2022-12-07,5901
2022-12-08,10135
2022-12-09,6300
2022-12-10,1830
2022-12-11,1917
2022-12-12,10546
2022-12-13,5462
2022-12-14,5381
2022-12-15,14509
2022-12-16,4517
2022-12-17,988
2022-12-18,854
2022-12-19,12220
2022-12-21,203
2022-12-22,7827
2022-12-23,2584
2022-12-24,2978
2022-12-25,1327
2022-12-26,2058
2022-12-27,2935
2022-12-28,2736
2022-12-29,2222
2022-12-30,1963
2022-12-31,2079
2023-01-01,642
2023-01-02,417
2023-01-03,6122
2023-01-04,6130
2023-01-05,5235
2023-01-06,4544
2023-01-07,1348
2023-01-08,33
2023-01-09,12446
2023-01-10,6921
2023-01-11,4548
2023-01-12,5330
2023-01-13,4985
2023-01-14,129
2023-01-16,8680
2023-01-17,7110
2023-01-18,5746
2023-01-19,9998
2023-01-20,4974
2023-01-21,1952
2023-01-22,1554
2023-01-23,11469
2023-01-24,4280
2023-01-25,4047
2023-01-26,7828
2023-01-27,312
2023-01-28,3871
2023-01-30,15546
2023-01-31,4119
2023-02-01,3817
2023-02-02,15798
2023-02-03,5563
2023-02-04,1083
2023-02-05,2874
2023-02-06,14820
2023-02-07,5071
2023-02-08,5049
2023-02-09,15541
2023-02-10,5644
2023-02-12,36
2023-02-13,13995
2023-02-14,4483
2023-02-15,5669
2023-02-16,13385
2023-02-17,4518
2023-02-18,3593
2023-02-19,864
2023-02-20,12595
2023-02-21,5283
2023-02-22,5188
2023-02-23,15865
2023-02-24,4067
2023-02-25,158
2023-02-26,21
2023-02-27,13938
2023-02-28,4739
2023-03-01,5535
2023-03-02,12941
2023-03-03,369
2023-03-04,2145
2023-03-05,605
2023-03-06,13581
2023-03-07,4543
2023-03-08,4280
2023-03-09,11594
2023-03-10,6052
2023-03-11,843
2023-03-12,95
2023-03-13,11004
2023-03-14,4934
2023-03-15,3784
2023-03-16,11621
2023-03-17,6528
2023-03-18,1975
2023-03-19,2473
2023-03-20,13612
2023-03-21,4550
2023-03-22,5558
2023-03-23,12930
2023-03-24,5574
2023-03-25,12483
2023-03-26,867
2023-03-27,12783
2023-03-28,6103
2023-03-29,4083
2023-03-30,4860
2023-03-31,3984
2023-04-01,8299
2023-04-02,13740
2023-04-03,7038
2023-04-04,6829
2023-04-05,14110
2023-04-06,14340
2023-04-07,7758
2023-04-08,15706
2023-04-09,4412
2023-04-10,14133
2023-04-11,6002
2023-04-12,7247
2023-04-13,11478
2023-04-14,696
2023-04-15,2832
2023-04-16,3053
2023-04-17,11997
2023-04-18,6231
2023-04-19,5783
2023-04-20,10747
2023-04-21,1606
2023-04-22,2531
2023-04-23,2653
2023-04-24,13033
2023-04-25,4545
2023-04-26,5326
2023-04-27,11589
2023-04-28,5013
2023-04-29,16
2023-04-30,755
2023-05-01,4295
2023-05-02,3262
2023-05-03,3785
2023-05-04,4281
2023-05-05,573
2023-05-07,1821
2023-05-08,9280
2023-05-09,3135
2023-05-10,4420
2023-05-11,12935
2023-05-12,4883
2023-05-13,815
2023-05-14,3269
2023-05-15,11240
2023-05-16,5248
2023-05-17,3644
2023-05-18,10084
2023-05-19,3122
2023-05-20,5436
2023-05-21,435
2023-05-22,12391
2022-05-28,3863
2022-05-29,16719
2022-05-30,3075
2022-05-31,5558
2022-06-01,8047
2022-06-02,7288
2022-06-03,5536
2022-06-04,3982
2022-06-05,5009
2022-06-06,10053
2022-06-07,5213
2022-06-08,5600
2022-06-09,3697
2022-06-10,3200
2022-06-11,3768
2022-06-12,1226
2022-06-13,874
2022-06-14,924
2022-06-15,894
2022-06-16,1135
2022-06-17,910
2022-06-18,4984
2022-06-19,4530
2022-06-20,2283
2022-06-21,3928
2022-06-22,5784
2022-06-23,3286
2022-06-24,3892
2022-06-25,1656
2022-06-26,1482
2022-06-27,2573
2022-06-28,3341
2022-06-29,8025
2022-06-30,727
2022-07-01,3914
2022-07-02,4978
2022-07-03,3622
2022-07-04,2966
2022-07-05,3519
2022-07-06,12789
2022-07-07,2021
2022-07-08,17723
2022-07-09,14631
2022-07-10,2475
2022-07-11,3680
2022-07-12,5049
2022-07-13,2674
2022-07-14,4514
2022-07-15,7654
2022-07-16,2221
2022-07-17,3390
2022-07-18,4041
2022-07-19,819
2022-07-20,4276
2022-07-21,1415
2022-07-22,2788
2022-07-23,4603
2022-07-24,3200
2022-07-25,2952
2022-07-26,2846
2022-07-27,2754
2022-07-28,2607
2022-07-29,3304
2022-07-30,6631
2022-07-31,6040
2022-08-01,4029
2022-08-02,4521
2022-08-03,553
2022-08-04,368
2022-08-05,129
2022-08-06,191
2022-08-07,2695
2022-08-08,2802
2022-08-09,2579
2022-08-10,2659
2022-08-11,2592
2022-08-12,3340
2022-08-13,4921
2022-08-14,5740
2022-08-15,5240
2022-08-16,7146
2022-08-17,3608
2022-08-18,4985
2022-08-19,3601
2022-08-20,2982
2022-08-21,3424
2022-08-22,8174
2022-08-24,7040
2022-08-23,5601
2022-08-25,5113
2022-08-26,4465
2022-08-27,8
2022-08-28,4482
2022-08-29,5273
2022-08-30,5763
2022-08-31,5045
2022-09-01,5862
2022-09-02,2053
2022-09-03,5684
2022-09-04,2738
2022-09-05,1299
2022-09-06,4251
2022-09-07,4995
2022-09-08,5379
2022-09-09,5800
2022-09-10,1267
2022-09-11,1646
2022-09-12,4940
2022-09-13,5543
2022-09-14,4849
2022-09-15,5925
2022-09-16,6908
2022-09-17,2302
2022-09-18,3444
2022-09-19,5631
2022-09-20,4676
2022-09-21,6758
2022-09-22,4793
2022-09-23,5956
2022-09-24,1348
2022-09-25,101
2022-09-26,1305
2022-09-27,4804
2022-09-28,4425
2022-09-29,4760
2022-09-30,5149
2022-10-01,2721
2022-10-02,10435
2022-10-03,12165
2022-10-04,50
2022-10-05,720
2022-10-06,9648
2022-10-07,6283
2022-10-08,5213
2022-10-09,5893
2022-10-10,8123
2022-10-11,5415
2022-10-12,2018
2022-10-13,13715
2022-10-14,8245
2022-10-15,1354
2022-10-16,3937
2022-10-17,10225
2022-10-18,5616
2022-10-19,5326
2022-10-20,10458
2022-10-21,5636
2022-10-22,603
2022-10-23,126
2022-10-24,97
2022-10-25,36
2022-10-26,5336
2022-10-27,11338
2022-10-28,4442
2022-10-29,3184
2022-10-30,2843
2022-10-31,12713
2022-11-01,4626
2022-11-02,4815
2022-11-03,11492
2022-11-04,4436
2022-11-05,3744
2022-11-06,531
2022-11-07,11616
2022-11-08,1033
2022-11-09,5981
2022-11-10,9913
2022-11-11,3828
2022-11-12,927
2022-11-13,1187
2022-11-14,9394
2022-11-15,5448
2022-11-16,4956
2022-11-17,10742
2022-11-18,4374
2022-11-19,1801
2022-11-20,334
2022-11-21,13723
2022-11-22,5799
2022-11-23,506
2021-11-30,4714
2021-12-01,9517
2021-12-02,4254
2021-12-03,6512
2021-12-04,2229
2021-12-05,1379
2021-12-06,122
2021-12-07,4944
2021-12-08,4964
2021-12-09,7766
2021-12-10,4893
2021-12-11,835
2021-12-12,1154
2021-12-13,9710
2021-12-14,5127
2021-12-15,8336
2021-12-17,6496
2021-12-18,264
2021-12-20,429
2021-12-21,61
2021-12-22,1208
2021-12-23,2017
2021-12-24,998
2021-12-25,2997
2021-12-26,6247
2021-12-27,3858
2021-12-28,6005
2021-12-29,2775
2021-12-30,5569
2021-12-31,1346
2022-01-01,24
2022-01-02,130
2022-01-03,2069
2022-01-04,81
2022-01-05,789
2022-01-06,1529
2022-01-07,784
2022-01-08,5064
2022-01-09,2628
2022-01-10,5114
2022-01-11,5186
2022-01-12,6795
2022-01-13,5604
2022-01-14,4881
2022-01-15,3454
2022-01-16,231
2022-01-17,88
2022-01-18,5046
2022-01-19,5708
2022-01-20,2169
2022-01-25,4511
2022-01-21,1279
2022-01-22,2738
2022-01-23,3619
2022-01-24,721
2022-01-26,5616
2022-01-27,5850
2022-01-28,4352
2022-01-29,384
2022-01-30,2644
2022-01-31,7546
2022-02-01,4709
2022-02-02,6113
2022-02-03,5199
2022-02-04,7168
2022-02-05,3537
2022-02-06,3241
2022-02-07,5400
2022-02-08,7682
2022-02-09,5742
2022-02-10,9488
2022-02-11,5416
2022-02-12,3270
2022-02-13,2626
2022-02-14,5098
2022-02-15,7237
2022-02-16,6276
2022-02-17,5139
2022-02-18,6668
2022-02-19,7937
2022-02-20,3294
2022-02-21,2331
2022-02-22,1198
2022-02-23,10972
2022-02-24,4734
2022-02-25,11451
2022-02-26,4060
2022-02-27,506
2022-02-28,16578
2022-03-01,7430
2022-03-03,6982
2022-03-04,15844
2022-03-05,3317
2022-03-06,2180
2022-03-07,19621
2022-03-08,9142
2022-03-09,7755
2022-03-10,21568
2022-03-11,4662
2022-03-12,13345
2022-03-13,4342
2022-03-14,6272
2022-03-15,17100
2022-03-16,12758
2022-03-17,5000
2022-03-18,6193
2022-03-19,3222
2022-03-20,1177
2022-03-21,5306
2022-03-22,4497
2022-03-23,7016
2022-03-24,15045
2022-03-25,4813
2022-03-26,11709
2022-03-27,688
2022-03-28,20879
2022-03-29,5698
2022-03-30,18191
2022-03-31,12677
2022-04-01,1088
2022-04-02,177
2022-04-03,31
2022-04-04,1440
2022-04-05,1994
2022-04-06,1097
2022-04-07,1409
2022-04-08,979
2022-04-09,2574
2022-04-10,10088
2022-04-11,22076
2022-04-12,13248
2022-04-13,13060
2022-04-14,13656
2022-04-15,8308
2022-04-16,3751
2022-04-17,10971
2022-04-18,18763
2022-04-19,5653
2022-04-20,13584
2022-04-21,7883
2022-04-22,15312
2022-04-23,1189
2022-04-24,14263
2022-04-25,18713
2022-04-26,12749
2022-04-27,6548
2022-04-28,890
2022-04-29,9065
2022-04-30,1011
2022-05-01,813
2022-05-02,16245
2022-05-03,5380
2022-05-04,5935
2022-05-05,11128
2022-05-06,5252
2022-05-07,310
2022-05-08,8739
2022-05-09,5229
2022-05-10,5823
2022-05-11,5582
2022-05-12,5413
2022-05-13,4978
2022-05-14,4627
2022-05-15,17713
2022-05-16,5766
2022-05-17,6650
2022-05-18,7047
2022-05-19,15334
2022-05-20,5382
2022-05-21,14118
2022-05-22,10116
2022-05-23,11692
2022-05-24,5995
2022-05-25,11949
2022-05-26,11597
2022-05-27,6367
2021-06-02,764
2021-06-03,1127
2021-06-04,2676
2021-06-05,879
2021-06-06,1195
2021-06-07,28
2021-06-08,1817
2021-06-09,839
2021-06-10,4653
2021-06-11,873
2021-06-12,2948
2021-06-13,2877
2021-06-14,4290
2021-06-15,4468
2021-06-16,4214
2021-06-17,3130
2021-06-18,2048
2021-06-19,2256
2021-06-20,2154
2021-06-21,3933
2021-06-22,4919
2021-06-23,2947
2021-06-24,7401
2021-06-25,3481
2021-06-26,2841
2021-06-27,2790
2021-06-28,1082
2021-06-29,4177
2021-06-30,2445
2021-07-01,5941
2021-07-02,382
2021-07-03,643
2021-07-04,5408
2021-07-05,369
2021-07-06,75
2021-07-07,1470
2021-07-08,1392
2021-07-09,2359
2021-07-10,297
2021-07-11,59
2021-07-13,29
2021-07-14,350
2021-07-15,3792
2021-07-16,984
2021-07-17,4624
2021-07-18,1105
2021-07-19,3021
2021-07-20,1350
2021-07-21,1409
2021-07-22,5840
2021-07-23,571
2021-07-24,4637
2021-07-25,2195
2021-07-26,1434
2021-07-27,619
2021-07-28,31
2021-07-29,940
2021-07-30,1864
2021-07-31,904
2021-08-01,6477
2021-08-02,2513
2021-08-03,4225
2021-08-04,5338
2021-08-05,6718
2021-08-06,1267
2021-08-07,5462
2021-08-08,1424
2021-08-09,77
2021-08-10,460
2021-08-11,51
2021-08-12,814
2021-08-13,591
2021-08-14,3324
2021-08-15,2375
2021-08-16,1629
2021-08-17,825
2021-08-18,1097
2021-08-19,2357
2021-08-20,1267
2021-08-21,7067
2021-08-22,2672
2021-08-23,8399
2021-08-24,4845
2021-08-25,7937
2021-08-26,4200
2021-08-27,6777
2021-08-28,382
2021-08-29,1135
2021-08-30,6081
2021-08-31,6493
2021-09-01,4385
2021-09-02,8486
2021-09-03,2277
2021-09-04,4966
2021-09-05,1532
2021-09-06,2639
2021-09-07,5811
2021-09-08,5207
2021-09-09,4446
2021-09-10,6901
2021-09-11,1027
2021-09-13,6108
2021-09-14,5632
2021-09-15,5116
2021-09-16,6629
2021-09-17,5729
2021-09-18,5664
2021-09-19,4438
2021-09-20,4949
2021-09-21,5121
2021-09-22,4594
2021-09-23,4275
2021-09-24,12452
2021-09-25,2479
2021-09-26,2310
2021-09-27,6364
2021-09-28,5251
2021-09-29,5385
2021-09-30,5192
2021-10-01,5927
2021-10-02,1586
2021-10-03,2397
2021-10-04,5457
2021-10-05,5080
2021-10-06,6602
2021-10-07,4943
2021-10-08,4591
2021-10-09,3861
2021-10-10,3347
2021-10-11,3300
2021-10-12,4435
2021-10-13,2977
2021-10-14,3489
2021-10-15,6469
2021-10-16,4851
2021-10-17,1872
2021-10-18,4907
2021-10-19,5583
2021-10-20,6586
2021-10-21,4586
2021-10-22,5336
2021-10-23,6549
2021-10-24,3352
2021-10-25,5919
2021-10-26,6138
2021-10-27,6883
2021-10-28,5675
2021-10-29,4516
2021-10-30,3415
2021-10-31,7548
2021-11-01,490
2021-11-02,592
2021-11-03,5960
2021-11-04,6676
2021-11-05,5820
2021-11-06,1043
2021-11-07,2224
2021-11-08,6985
2021-11-09,4681
2021-11-10,7024
2021-11-11,5845
2021-11-12,5865
2021-11-14,859
2021-11-15,4718
2021-11-16,4886
2021-11-17,4586
2021-11-18,6702
2021-11-19,4966
2021-11-20,715
2021-11-21,2863
2021-11-22,8293
2021-11-23,5542
2021-11-24,4904
2021-11-25,2580
2021-11-26,8452
2021-11-27,1966
2021-11-28,1561
2021-11-29,6424
2020-12-04,478
2020-12-05,121
2020-12-06,605
2020-12-07,1467
2020-12-08,589
2020-12-09,874
2020-12-10,989
2020-12-11,983
2020-12-12,1013
2020-12-13,973
2020-12-14,1004
2020-12-15,720
2020-12-16,291
2020-12-17,455
2020-12-18,875
2020-12-19,714
2020-12-20,595
2020-12-21,2226
2020-12-22,1152
2020-12-23,555
2020-12-24,321
2020-12-25,2023
2020-12-26,3772
2020-12-27,4758
2020-12-28,3570
2020-12-29,3415
2020-12-30,718
2020-12-31,272
2021-01-01,676
2021-01-02,2466
2021-01-03,2065
2021-01-04,1092
2021-01-05,1238
2021-01-06,886
2021-01-07,695
2021-01-08,1882
2021-01-09,5402
2021-01-10,1783
2021-01-11,500
2021-01-12,997
2021-01-13,942
2021-01-14,984
2021-01-15,219
2021-01-16,940
2021-01-17,1216
2021-01-18,950
2021-01-19,977
2021-01-20,759
2021-01-21,225
2021-01-22,334
2021-01-23,1395
2021-01-24,718
2021-01-25,829
2021-01-26,543
2021-01-27,572
2021-01-28,470
2021-01-29,883
2021-01-30,533
2021-01-31,83
2021-02-01,1196
2021-02-02,1586
2021-02-03,308
2021-02-04,1294
2021-02-05,402
2021-02-06,1559
2021-02-07,1061
2021-02-08,1151
2021-02-09,419
2021-02-10,236
2021-02-11,623
2021-02-12,294
2021-02-13,1136
2021-02-14,737
2021-02-15,329
2021-02-16,324
2021-02-17,559
2021-02-18,606
2021-02-19,388
2021-02-20,278
2021-02-21,917
2021-02-22,596
2021-02-23,794
2021-02-24,620
2021-02-25,273
2021-02-26,1044
2021-02-27,5725
2021-02-28,3234
2021-03-01,291
2021-03-02,334
2021-03-03,321
2021-03-04,234
2021-03-05,2943
2021-03-06,3795
2021-03-07,2499
2021-03-08,262
2021-03-09,184
2021-03-10,923
2021-03-11,1270
2021-03-12,338
2021-03-13,2562
2021-03-14,660
2021-03-15,1642
2021-03-16,808
2021-03-17,202
2021-03-18,23
2021-03-19,2341
2021-03-20,3852
2021-03-21,2731
2021-03-22,376
2021-03-23,1020
2021-03-24,1275
2021-03-25,772
2021-03-26,735
2021-03-27,2449
2021-03-28,241
2021-03-29,673
2021-03-30,92
2021-03-31,38
2021-04-01,298
2021-04-02,1631
2021-04-03,1132
2021-04-04,1430
2021-04-05,179
2021-04-06,681
2021-04-07,1847
2021-04-08,464
2021-04-09,1018
2021-04-10,1449
2021-04-11,123
2021-04-12,2086
2021-04-13,560
2021-04-14,796
2021-04-15,219
2021-04-16,3548
2021-04-17,5866
2021-04-18,2832
2021-04-19,880
2021-04-20,1397
2021-04-21,1193
2021-04-22,443
2021-04-23,862
2021-04-24,45
2021-04-25,120
2021-04-26,2460
2021-04-27,586
2021-04-28,491
2021-04-29,347
2021-04-30,569
2021-05-01,5417
2021-05-02,2907
2021-05-03,4594
2021-05-04,291
2021-05-05,1814
2021-05-06,909
2021-05-07,398
2021-05-08,2813
2021-05-09,730
2021-05-10,991
2021-05-11,961
2021-05-12,943
2021-05-13,626
2021-05-14,1305
2021-05-15,2717
2021-05-16,2481
2021-05-17,441
2021-05-18,283
2021-05-19,828
2021-05-20,615
2021-05-21,870
2021-05-22,4261
2021-05-23,1188
2021-05-24,2357
2021-05-25,935
2021-05-26,849
2021-05-27,2663
2021-05-28,1570
2021-05-29,1313
2021-05-30,688
2021-05-31,1429
2021-06-01,592
2020-06-13,3033
2020-06-14,29
2020-06-15,13371
2020-06-08,85
2020-06-09,99
2020-06-10,399
2020-06-11,329
2020-06-12,696
2020-06-16,4518
2020-06-17,592
2020-06-18,643
2020-06-19,833
2020-06-20,1153
2020-06-21,458
2020-06-22,529
2020-06-23,138
2020-06-24,887
2020-06-25,388
2020-06-26,786
2020-06-27,1277
2020-06-28,444
2020-06-29,282
2020-06-30,727
2020-07-01,5200
2020-07-02,4949
2020-07-03,2879
2020-07-04,792
2020-07-05,2935
2020-07-06,889
2020-07-07,360
2020-07-08,2552
2020-07-09,37
2020-07-10,986
2020-07-11,477
2020-07-12,223
2020-07-13,345
2020-07-14,473
2020-07-15,1673
2020-07-16,319
2020-07-17,600
2020-07-18,1500
2020-07-19,133
2020-07-20,390
2020-07-21,1017
2020-07-22,1304
2020-07-23,1634
2020-07-24,345
2020-07-25,53
2020-07-27,26
2020-07-28,290
2020-07-29,1632
2020-07-30,287
2020-07-31,96
2020-08-01,34
2020-08-02,235
2020-08-03,312
2020-08-04,2095
2020-08-05,130
2020-08-06,164
2020-08-07,490
2020-08-16,15
2020-08-17,73
2020-08-18,931
2020-08-08,1770
2020-08-09,5519
2020-08-10,311
2020-08-11,202
2020-08-12,1987
2020-08-13,2157
2020-08-14,630
2020-08-15,1846
2020-08-19,2153
2020-08-20,78
2020-08-21,3909
2020-08-22,1610
2020-08-23,4230
2020-08-24,64
2020-08-25,3
2020-08-26,2005
2020-08-27,1816
2020-08-28,279
2020-08-29,24
2020-08-30,369
2020-08-31,362
2020-09-01,1431
2020-09-02,455
2020-09-03,18
2020-09-04,884
2020-09-05,2097
2020-09-06,3203
2020-09-07,3878
2020-09-08,184
2020-09-09,559
2020-09-10,703
2020-09-11,907
2020-09-12,381
2020-09-13,581
2020-09-14,1308
2020-09-15,389
2020-09-17,323
2020-09-16,973
2020-09-18,928
2020-09-19,1306
2020-09-20,2243
2020-09-21,500
2020-09-22,697
2020-09-23,1853
2020-09-24,849
2020-09-25,429
2020-09-26,973
2020-09-27,22
2020-09-28,1251
2020-09-29,4266
2020-09-30,1740
2020-10-01,2255
2020-10-02,1139
2020-10-03,2625
2020-10-04,1737
2020-10-05,443
2020-10-06,1297
2020-10-07,1217
2020-10-08,396
2020-10-09,1079
2020-10-10,3079
2020-10-11,3741
2020-10-12,3692
2020-10-13,897
2020-10-14,1257
2020-10-15,298
2020-10-16,471
2020-10-17,3648
2020-10-18,2198
2020-10-19,105
2020-10-20,326
2020-10-21,715
2020-10-22,794
2020-10-23,7925
2020-10-24,1743
2020-10-25,16
2020-10-26,64
2020-10-27,408
2020-10-28,313
2020-10-29,71
2020-10-30,796
2020-10-31,2407
2020-11-01,3056
2020-11-02,3938
2020-11-03,2468
2020-11-04,685
2020-11-05,950
2020-11-06,544
2020-11-07,2362
2020-11-08,886
2020-11-09,2933
2020-11-10,1201
2020-11-11,606
2020-11-12,401
2020-11-13,1529
2020-11-14,5144
2020-11-15,2460
2020-11-16,305
2020-11-17,1017
2020-11-18,1735
2020-11-19,850
2020-11-20,697
2020-11-21,234
2020-11-22,1621
2020-11-23,1498
2020-11-24,554
2020-11-25,678
2020-11-26,768
2020-11-27,2099
2020-11-28,3458
2020-11-29,833
2020-11-30,28
2020-12-01,903
2020-12-02,973
2020-12-03,1017
2019-12-11,136
2019-12-12,5150
2019-12-13,12500
2019-12-14,3396
2019-12-15,3599
2019-12-16,5102
2019-12-17,4674
2019-12-18,4834
2019-12-19,7988
2019-12-20,5217
2019-12-21,2200
2019-12-22,706
2019-12-23,1061
2019-12-24,2170
2019-12-25,3359
2019-12-26,3329
2019-12-27,665
2019-12-28,189
2019-12-29,1929
2019-12-30,174
2019-12-31,6354
2020-01-01,2247
2020-01-02,132
2020-01-03,34
2020-01-04,1495
2020-01-05,2037
2020-01-06,5667
2020-01-07,7606
2020-01-08,960
2020-01-09,4986
2020-01-10,10887
2020-01-11,1142
2020-01-12,1319
2020-01-13,5990
2020-01-14,6511
2020-01-15,5105
2020-01-16,6361
2020-01-17,804
2020-01-18,1480
2020-01-19,109
2020-01-20,827
2020-01-21,4723
2020-01-22,4942
2020-01-23,6661
2020-01-24,5433
2020-01-25,1493
2020-01-26,1518
2020-01-27,785
2020-01-28,553
2020-01-29,3642
2020-01-30,5916
2020-01-31,5636
2020-02-01,712
2020-02-02,791
2020-02-03,5873
2020-02-04,4139
2020-02-05,6324
2020-02-06,4031
2020-02-07,7082
2020-02-08,360
2020-02-09,1264
2020-02-10,6317
2020-02-11,6257
2020-02-12,6156
2020-02-13,5667
2020-02-14,5395
2020-02-15,1380
2020-02-16,2617
2020-02-17,875
2020-02-18,11437
2020-02-19,5300
2020-02-20,6905
2020-02-21,6272
2020-02-22,1195
2020-02-23,2179
2020-02-24,7732
2020-02-25,5746
2020-02-26,8740
2020-02-27,5210
2020-02-28,6752
2020-02-29,154
2020-03-01,642
2020-03-02,6073
2020-03-03,40
2020-03-04,5680
2020-03-05,5724
2020-03-06,4498
2020-03-07,1175
2020-03-08,1346
2020-03-09,5518
2020-03-10,5092
2020-03-11,4161
2020-03-12,6337
2020-03-13,2419
2020-03-14,99
2020-03-15,137
2020-03-16,1917
2020-03-17,916
2020-03-18,312
2020-03-19,352
2020-03-20,2409
2020-03-21,1666
2020-03-22,57
2020-03-23,397
2020-03-24,651
2020-03-25,759
2020-03-26,919
2020-03-27,1196
2020-03-28,267
2020-03-29,219
2020-03-30,415
2020-03-31,85
2020-04-01,948
2020-04-02,790
2020-04-03,4555
2020-04-04,162
2020-04-05,5791
2020-04-06,1314
2020-04-07,1907
2020-04-08,122
2020-04-09,4167
2020-04-10,1922
2020-04-11,65
2020-04-12,1767
2020-04-13,1049
2020-04-14,1342
2020-04-15,588
2020-04-16,103
2020-04-17,447
2020-04-18,183
2020-04-19,732
2020-04-20,30
2020-04-21,150
2020-04-22,916
2020-04-23,98
2020-04-24,55
2020-04-25,218
2020-04-26,186
2020-04-27,52
2020-04-28,191
2020-04-29,33
2020-04-30,87
2020-05-01,614
2020-05-02,1294
2020-05-03,1811
2020-05-04,1468
2020-05-05,151
2020-05-06,118
2020-05-07,183
2020-05-08,85
2020-05-09,3247
2020-05-10,151
2020-05-11,120
2020-05-12,49
2020-05-13,16
2020-05-14,259
2020-05-15,2103
2020-05-16,651
2020-05-17,592
2020-05-18,139
2020-05-19,76
2020-05-20,136
2020-05-21,252
2020-05-22,797
2020-05-23,261
2020-05-24,231
2020-05-25,42
2020-05-26,655
2020-05-27,4025
2020-05-28,388
2020-05-29,607
2020-05-30,136
2020-05-31,1264
2020-06-01,22
2020-06-02,23
2020-06-03,28
2020-06-04,761
2020-06-05,270
2020-06-06,560
2020-06-07,4
2019-12-09,4818
2019-09-06,5568
2019-09-07,2524
2019-09-08,645
2019-09-09,6739
2019-09-10,6121
2019-09-11,5007
2019-09-12,5445
2019-09-13,4758
2019-09-14,10720
2019-09-15,780
2019-09-16,5737
2019-09-17,4977
2019-09-18,4937
2019-09-19,5085
2019-09-20,6931
2019-09-21,414
2019-09-22,602
2019-09-23,7330
2019-09-24,4330
2019-09-25,5488
2019-06-14,4357
2019-09-26,3823
2019-09-27,5375
2019-09-28,507
2019-09-29,258
2019-09-30,5904
2019-10-01,4735
2019-10-02,5275
2019-10-03,6074
2019-10-04,4427
2019-06-15,5400
2019-06-16,4728
2019-06-17,2971
2019-06-18,8565
2019-06-19,1095
2019-06-20,10942
2019-06-21,5801
2019-06-22,18
2019-06-23,2105
2019-06-24,3561
2019-06-25,1050
2019-06-26,1528
2019-06-27,1033
2019-06-28,202
2019-06-29,5240
2019-06-30,2912
2019-07-01,25
2019-07-05,535
2019-07-06,11
2019-07-09,77
2019-07-10,2027
2019-07-11,3675
2019-07-12,3970
2019-07-14,115
2019-07-15,1599
2019-07-16,5349
2019-07-17,1109
2019-07-18,735
2019-07-19,5978
2019-07-20,2623
2019-07-21,510
2019-07-22,1840
2019-07-23,402
2019-07-24,800
2019-07-25,1020
2019-07-26,699
2019-07-27,4873
2019-07-28,548
2019-07-29,2374
2019-07-30,5157
2019-07-31,753
2019-08-01,1092
2019-08-02,900
2019-08-03,1232
2019-08-04,3105
2019-08-05,3602
2019-08-06,575
2019-08-07,3892
2019-08-10,370
2019-08-11,2194
2019-08-12,2037
2019-08-13,304
2019-08-14,3972
2019-08-20,1186
2019-08-21,106
2019-08-22,4317
2019-08-23,2348
2019-08-24,1929
2019-08-25,2091
2019-08-26,11312
2019-08-27,6963
2019-08-28,6858
2019-08-29,6993
2019-08-30,175
2019-08-31,4638
2019-09-01,4024
2019-09-02,359
2019-09-03,5275
2019-09-04,5363
2019-09-05,4591
2019-08-15,2580
2019-08-16,364
2019-08-17,5457
2019-08-18,4595
2019-08-19,2776
2019-10-05,1290
2019-10-06,2274
2019-10-07,6617
2019-10-08,5902
2019-10-09,6302
2019-10-10,8439
2019-10-11,4996
2019-10-12,155
2019-10-13,11269
2019-10-14,338
2019-10-15,4411
2019-10-16,4902
2019-10-17,6175
2019-10-20,4984
2019-10-21,7228
2019-10-22,4676
2019-10-23,6508
2019-10-24,7373
2019-10-25,5686
2019-10-26,5761
2019-10-27,3570
2019-10-28,5378
2019-10-29,5602
2019-10-30,4552
2019-10-31,13933
2019-11-01,5494
2019-11-02,3221
2019-11-03,3821
2019-11-04,728
2019-11-05,861
2019-11-06,6883
2019-11-07,5893
2019-11-08,4717
2019-11-09,4722
2019-11-10,5448
2019-11-11,4899
2019-11-12,4461
2019-11-13,4624
2019-11-14,5524
2019-11-15,4875
2019-10-18,9585
2019-10-19,2783
2019-11-16,287
2019-11-17,2833
2019-11-18,4354
2019-11-19,4630
2019-11-20,4724
2019-11-21,5342
2019-11-22,4323
2019-11-23,1547
2019-11-24,1602
2019-11-25,4958
2019-11-26,5891
2019-11-27,307
2019-11-28,1917
2019-11-29,2720
2019-11-30,625
2019-12-01,265
2019-12-02,5081
2019-12-03,5243
2019-12-04,5082
2019-12-05,6085
2019-12-06,5294
2019-12-07,692
2019-12-08,4779
2019-12-10,5017
2018-12-15,2482
2018-12-16,1378
2018-12-17,5609
2018-12-18,5521
2018-12-19,6415
2018-12-20,4487
2018-12-21,5010
2018-12-22,1245
2018-12-23,3276
2018-12-24,1501
2018-12-25,1507
2018-12-26,1192
2018-12-27,1244
2018-12-28,568
2018-12-29,1803
2018-12-30,1012
2018-12-31,4644
2019-01-03,524
2019-01-04,1106
2019-01-05,87
2019-01-06,699
2019-01-07,7641
2019-01-08,7302
2019-01-09,5093
2019-01-10,4981
2019-01-11,8144
2019-01-12,3938
2019-01-13,837
2019-01-14,1069
2019-02-24,1588
2019-02-25,5130
2019-02-26,7170
2019-02-27,6446
2019-02-28,390
2019-03-01,937
2019-03-02,2192
2019-03-03,690
2019-03-04,4595
2019-03-05,7663
2019-03-06,5069
2019-03-07,4867
2019-03-08,486
2019-03-09,3176
2019-03-10,609
2019-03-11,7161
2019-03-12,5320
2019-03-13,7333
2019-03-14,9404
2019-03-15,4671
2019-03-16,7807
2019-03-17,121
2019-03-18,8337
2019-03-19,4987
2019-03-20,5074
2019-03-21,4522
2019-03-22,5828
2019-03-23,2583
2019-03-24,868
2019-03-25,5333
2019-03-26,4624
2019-03-27,4815
2019-01-16,5814
2019-01-17,5743
2019-01-18,4899
2019-01-19,268
2019-01-20,35
2019-01-21,5255
2019-01-22,5614
2019-01-23,5304
2019-01-24,5221
2019-01-25,6797
2019-01-26,4479
2019-01-27,2134
2019-01-28,1321
2019-01-29,5474
2019-01-30,7083
2019-01-31,5131
2019-02-01,5087
2019-02-02,2273
2019-02-03,36
2019-02-04,5002
2019-02-05,8339
2019-02-06,4978
2019-02-07,5670
2019-02-08,4822
2019-02-09,877
2019-02-10,1055
2019-02-11,5219
2019-02-12,5358
2019-02-13,5866
2019-02-14,4994
2019-02-15,4699
2019-02-16,1835
2019-02-17,5651
2019-02-18,4197
2019-02-19,5877
2019-02-20,445
2019-02-21,2642
2019-02-22,6154
2019-02-23,647
2019-03-28,4875
2019-03-29,4781
2019-03-30,1021
2019-03-31,1139
2019-04-01,11246
2019-04-02,4941
2019-04-03,5671
2019-04-04,5711
2019-04-05,6979
2019-04-06,94
2019-04-07,560
2019-04-08,5618
2019-04-09,5008
2019-04-10,6564
2019-04-11,4432
2019-04-12,6226
2019-04-13,1387
2019-04-14,7654
2019-04-20,8455
2019-04-21,752
2019-04-22,6425
2019-04-23,3282
2019-04-24,4021
2019-04-25,4862
2019-04-26,6357
2019-04-27,182
2019-04-28,428
2019-04-29,6283
2019-04-30,6117
2019-05-01,4789
2019-04-15,6337
2019-04-16,4662
2019-04-17,19193
2019-04-18,16179
2019-04-19,10988
2019-05-02,6027
2019-05-03,8263
2019-05-04,874
2019-05-05,279
2019-05-06,7624
2019-05-07,5940
2019-05-08,4696
2019-05-09,4422
2019-05-10,3018
2019-05-11,24
2019-05-12,1391
2019-05-13,5544
2019-05-14,5164
2019-05-15,5795
2019-05-16,3308
2019-05-17,6402
2019-05-18,3159
2019-05-19,942
2019-05-20,4782
2019-05-21,5199
2019-05-22,3746
2019-05-23,5862
2019-05-24,4291
2019-05-25,2018
2019-05-26,277
2019-05-27,2145
2019-05-28,4485
2019-05-29,4518
2019-05-30,1851
2019-05-31,6863
2019-06-01,512
2019-06-02,1220
2019-06-03,7663
2019-06-04,5400
2019-06-05,4728
2019-06-06,3176
2019-06-07,4740
2019-06-08,1828
2019-06-10,1047
2019-06-11,4284
2019-06-12,4842
2019-06-13,4250
2018-06-18,7783
2018-06-19,4261
2018-06-20,209
2018-06-21,635
2018-06-22,632
2018-06-23,6649
2018-06-24,2200
2018-06-25,729
2018-06-26,2428
2018-06-27,1175
2018-06-28,850
2018-06-29,805
2018-06-30,352
2018-07-01,702
2018-07-02,11644
2018-07-03,1316
2018-07-04,1250
2018-07-05,22224
2018-07-06,15028
2018-07-07,15056
2018-07-08,8600
2018-07-09,2275
2018-07-24,839
2018-07-25,870
2018-07-26,570
2018-07-27,5520
2018-07-28,1375
2018-07-10,977
2018-07-11,2541
2018-07-12,340
2018-07-13,5171
2018-07-14,369
2018-07-15,444
2018-07-16,52
2018-07-17,537
2018-07-18,491
2018-07-19,1258
2018-07-20,2833
2018-07-21,1000
2018-07-22,2584
2018-07-23,969
2018-07-29,1601
2018-07-30,1812
2018-07-31,4453
2018-08-01,3832
2018-08-02,3446
2018-08-03,3426
2018-08-04,3315
2018-08-05,363
2018-08-06,4076
2018-08-07,1284
2018-08-08,3846
2018-08-09,5137
2018-08-10,1029
2018-08-11,1781
2018-08-12,1512
2018-08-13,842
2018-08-14,1025
2018-08-15,6668
2018-08-16,1554
2018-08-17,5181
2018-08-18,1800
2018-08-19,2991
2018-08-20,329
2018-08-21,2724
2018-08-22,1031
2018-08-23,2815
2018-08-24,7511
2018-08-25,1579
2018-08-26,283
2018-08-27,1421
2018-08-28,7907
2018-08-29,3330
2018-08-30,305
2018-08-31,1579
2018-09-01,4244
2018-09-02,408
2018-09-03,5790
2018-09-04,3893
2018-09-05,5490
2018-09-06,2030
2018-09-07,1675
2018-09-08,1475
2018-09-09,442
2018-09-10,2747
2018-09-11,4807
2018-09-12,2478
2018-09-13,1756
2018-09-14,6170
2018-09-15,764
2018-09-16,330
2018-09-17,6597
2018-09-18,4813
2018-09-19,5181
2018-09-20,1415
2018-09-21,5065
2018-09-22,539
2018-09-23,2346
2018-09-24,5860
2018-09-25,5583
2018-09-26,5625
2018-09-27,5724
2018-09-28,5336
2018-09-29,2162
2018-09-30,368
2018-10-01,5853
2018-10-02,8549
2018-10-03,6072
2018-10-04,4645
2018-10-05,6314
2018-10-31,24748
2018-11-01,8266
2018-11-02,6561
2018-11-03,2012
2018-10-06,1656
2018-10-07,4823
2018-10-08,1693
2018-10-09,5839
2018-10-10,7693
2018-10-11,3581
2018-10-12,1622
2018-10-13,3724
2018-10-14,535
2018-10-17,20483
2018-10-18,9829
2018-10-19,6844
2018-11-04,3221
2018-11-05,7427
2018-11-06,1076
2018-11-07,5524
2018-11-08,8083
2018-11-09,4727
2018-11-10,6085
2018-11-11,1148
2018-11-13,12305
2018-11-15,12479
2018-11-16,6526
2018-11-17,1736
2018-11-18,2168
2018-11-19,158
2018-11-20,11956
2018-10-20,4756
2018-10-21,1939
2018-10-25,26618
2018-10-26,599
2018-10-27,41
2018-10-29,11024
2018-10-30,246
2018-11-21,2721
2018-11-22,501
2018-11-23,157
2018-11-24,62
2018-11-25,1902
2018-11-26,6519
2018-11-27,4813
2018-11-28,5051
2018-11-29,5213
2018-11-30,6519
2018-12-01,426
2018-12-02,3568
2018-12-03,5767
2018-12-04,5197
2018-12-05,7684
2018-12-06,7551
2018-12-07,6171
2018-12-08,6138
2018-12-09,1318
2018-12-10,7160
2018-12-11,4737
2018-12-12,5760
2018-12-13,4834
2018-12-14,5661
2017-12-20,4572
2017-12-21,1903
2017-12-22,890
2017-12-23,4020
2017-12-24,548
2017-12-25,3524
2017-12-26,3368
2017-12-27,4084
2017-12-28,357
2017-12-29,698
2017-12-30,1988
2017-12-31,1261
2018-01-01,453
2018-01-02,3611
2018-01-03,2406
2018-01-04,486
2018-01-05,2794
2018-01-06,4627
2018-01-07,2344
2018-01-08,1761
2018-01-09,2462
2018-01-10,1588
2018-01-11,2438
2018-01-12,3107
2018-01-13,2826
2018-01-14,1068
2018-01-15,1920
2018-01-16,2544
2018-01-17,6099
2018-01-18,1896
2018-01-19,2514
2018-01-20,584
2018-01-21,354
2018-01-22,149
2018-01-23,2119
2018-01-24,2594
2018-01-25,2441
2018-01-26,4534
2018-02-25,2141
2018-02-26,2045
2018-02-27,1760
2018-02-28,2006
2018-03-01,2556
2018-03-02,1637
2018-03-03,4175
2018-03-04,2646
2018-03-05,7110
2018-03-06,2701
2018-03-07,2660
2018-02-12,1519
2018-02-13,2060
2018-02-14,2460
2018-02-15,2453
2018-02-16,2059
2018-02-17,1679
2018-02-18,1068
2018-02-19,951
2018-02-20,2091
2018-02-21,3240
2018-02-22,1648
2018-02-23,2160
2018-02-24,1384
2018-01-27,1150
2018-01-28,697
2018-01-29,2689
2018-01-30,1816
2018-01-31,3339
2018-02-01,3018
2018-02-02,2704
2018-02-03,3485
2018-02-04,239
2018-02-05,5827
2018-02-06,1972
2018-02-07,1602
2018-02-08,480
2018-02-09,2154
2018-02-10,2347
2018-02-11,286
2018-03-08,3146
2018-03-09,2331
2018-03-10,4114
2018-03-11,828
2018-03-12,6489
2018-03-13,2376
2018-03-14,4267
2018-03-15,5224
2018-03-16,7036
2018-03-17,7148
2018-03-18,1310
2018-03-19,8101
2018-03-20,5297
2018-03-21,400
2018-03-22,2436
2018-03-23,8593
2018-03-24,3895
2018-03-26,11935
2018-03-27,182
2018-03-28,499
2018-03-29,2264
2018-03-30,2213
2018-03-31,811
2018-04-01,1213
2018-04-02,9086
2018-04-03,5126
2018-04-04,6912
2018-04-05,10338
2018-03-25,2236
2018-04-06,6434
2018-04-07,1677
2018-04-10,6482
2018-04-11,7294
2018-04-12,7517
2018-04-13,7300
2018-04-14,511
2018-04-15,280
2018-04-16,7285
2018-04-17,4396
2018-04-18,7210
2018-04-19,3468
2018-04-08,3253
2018-04-09,858
2018-04-20,4673
2018-04-21,1840
2018-04-22,3270
2018-04-23,8378
2018-04-24,5479
2018-04-25,2634
2018-04-26,7417
2018-04-27,5113
2018-04-28,1201
2018-04-29,318
2018-04-30,4696
2018-05-05,3528
2018-05-01,6632
2018-05-02,5329
2018-05-03,7771
2018-05-04,6308
2018-05-06,2331
2018-05-07,6228
2018-05-08,5159
2018-05-09,7856
2018-05-10,10536
2018-05-11,5558
2018-05-12,3591
2018-05-13,3101
2018-05-14,6163
2018-05-15,4176
2018-05-16,3490
2018-05-17,5451
2018-05-18,4595
2018-05-19,5509
2018-05-20,1160
2018-05-21,4503
2018-05-22,4288
2018-05-23,5477
2018-05-24,423
2018-05-25,4288
2018-05-26,7111
2018-05-27,2554
2018-05-28,2446
2018-05-29,4189
2018-05-30,3763
2018-05-31,2893
2018-06-01,4575
2018-06-02,3584
2018-06-03,1870
2018-06-04,7346
2018-06-14,9245
2018-06-15,4896
2018-06-16,3896
2018-06-17,999
2018-06-05,3818
2018-06-06,7730
2018-06-07,1950
2018-06-08,4645
2018-06-09,2127
2018-06-10,4724
2018-06-11,7428
2018-06-12,9374
2018-06-13,3919
2017-12-09,2775
2017-12-19,2266
2017-12-10,1533
2017-12-11,5429
2017-12-12,3140
2017-12-13,5570
2017-12-14,2679
2017-12-15,2905
2017-12-16,598
2017-12-17,1556
2017-12-18,2492
2025-12-21,4810
2025-12-22,2822
2025-12-23,2700
2025-12-24,3643
2025-12-25,4232
2025-12-26,994
2025-12-27,2147
2025-12-28,822
2025-12-29,3613
2025-12-30,2667
2025-12-31,2368
2026-01-01,5557
2026-01-02,1696
2026-01-03,4437
2026-01-04,4256
2026-01-05,2797
2026-01-06,4660
2026-01-07,3766
2026-01-08,2643
2026-01-09,3287
2026-01-10,3205
2026-01-11,3186
2026-01-12,3762
2026-01-13,3498
2026-01-14,5459
2026-01-15,4788
2026-01-16,3833
2026-01-17,3531
2026-01-18,3249
2026-01-19,409
2026-01-20,5015
2026-01-21,3712
2026-01-22,4705
2026-01-23,3054
2026-01-24,2926
2026-01-25,23
2026-01-26,6652
2026-01-27,8
2026-01-28,3490
2026-01-29,5957
2026-01-30,5622
2026-01-31,1474
2026-02-01,1339
2026-02-02,4605
2026-02-03,5034
2026-02-04,4497
2026-02-05,4910
2026-02-06,2859
2026-02-07,1504
2026-02-08,847
2026-02-09,3815
2026-02-10,6430
2026-02-11,2985
2026-02-12,5142
2026-02-13,3928
2026-02-14,1914
2026-02-15,2280
2026-02-16,1776
2026-02-17,3163
2026-02-18,3318
2026-02-19,3291
2026-02-20,2856
2026-02-21,2097
2026-02-22,4786
2026-02-23,3860
2026-02-24,3111
2026-02-25,2866
2026-02-26,4710
2026-02-27,4153
2026-02-28,3446
2026-03-01,227
2026-03-02,1888
2026-03-03,3214
2026-03-04,4167
2026-03-05,6066
2026-03-06,4053
2026-03-07,4454
2026-03-08,2245
2026-03-09,3530
2026-03-10,2154
2026-03-11,3635
2026-03-12,3304
2026-03-13,5505
2026-03-14,7408
2026-03-15,2539
2026-03-16,1101
2026-03-17,3379
2026-03-18,1719
2026-03-19,7643
2026-03-20,5034
2026-03-21,4666
2026-03-22,87
2026-03-23,1601
2026-03-24,3288
2026-03-25,3022
2026-03-26,3023
2026-03-27,10914
2026-03-28,5783
2026-03-29,409
2026-03-30,1252
2026-03-31,6783
2026-04-01,8638
2026-04-02,3109
2026-04-03,3710
2026-04-04,3971
2026-04-05,59
2026-04-06,3772
2026-04-07,3204
2026-04-08,5437
2026-04-09,7828
2026-04-10,6935
2026-04-11,11987
2026-04-12,4297
2026-04-13,6571
2026-04-14,4950
2026-04-15,5762
2026-04-16,2846
2026-04-17,4203
2026-04-18,9778
2026-04-19,2074
2026-04-20,2088
2026-04-21,6850
2026-04-22,1556
2026-04-23,3294
2026-04-24,4872
2026-04-25,2008
2026-04-26,44
2026-04-27,3227
2026-04-28,4869
2026-04-29,150
2026-04-30,3161
2026-05-01,4252
2026-05-02,12721
2026-05-03,3203
2026-05-04,100
2026-05-05,1400
2026-05-06,3497
2026-05-07,2966
2026-05-08,3524
2026-05-09,5159
2026-05-10,4788
2026-05-11,4636
2026-05-12,3828
2026-05-13,5051
2026-05-14,1498
2026-05-15,2616
2026-05-16,3497
2026-05-17,2300
2026-05-18,3300
2026-05-19,3273
2026-05-20,4391
2026-05-21,3001
2026-05-22,2986
2026-05-24,103
2026-05-25,1473
2026-05-26,301
2026-05-27,2888
2026-05-28,2249
2026-05-29,3095
2026-05-30,5333
2026-05-31,2849
2026-06-01,2313
2026-06-02,2625
2026-06-03,2528
2026-06-04,2659
2026-06-05,3237
2026-06-06,6095
2026-06-07,8482
2026-06-08,2357
2026-06-09,4608
2026-06-10,2498
2026-06-11,2825
2026-06-12,3175
2026-06-13,5158
2026-06-14,3768
2026-06-15,5258
2026-06-16,3894
2026-06-17,2185
2026-06-18,4910
2026-06-19,3912
2026-06-20,5924
2026-06-21,10648
2026-06-22,4321
2026-06-23,4224
2026-06-24,6562
2026-06-25,6125
2026-06-26,6052
2026-06-27,5021
2026-06-28,2792
2026-06-29,5205
2026-06-30,5617
2026-07-01,2038
2026-07-02,1771
2026-07-03,4005
2026-07-04,552
2026-07-05,821
2026-07-06,3491
2026-07-07,3294
2026-07-08,4636
2026-07-09,3750
2026-07-10,5723
2026-07-11,3437
2026-07-12,2221
2026-07-13,7319
2026-07-14,6035
2026-07-15,1869
2026-07-16,3610
2026-07-17,4476
2026-07-18,1620
2026-07-19,2068
2026-07-20,6923
2026-07-21,5707
2026-07-22,3772
2026-07-23,4660
2026-07-24,3717
2026-07-25,2206
2026-07-26,1975
2026-07-27,7015
2026-07-28,7710
2026-07-29,7935
2026-07-30,7794
2026-07-31,8363
2026-08-01,5035
2026-08-02,4298
2026-08-03,3005
2026-08-04,1167
2026-08-05,1647
2026-08-06,1933
2026-08-07,5179
2026-08-08,2183
2026-08-09,3152
2026-08-10,2660
2026-08-11,2409
2026-08-12,3057
2026-08-13,2944
2026-08-14,2204
2026-08-15,7181
2026-08-16,2108
2026-08-17,6019
2026-08-18,5933
2026-08-19,3421
2026-08-20,5307
2026-08-21,7241
2026-08-22,3428
2026-08-23,3727
2026-08-24,7332
2026-08-25,6804
2026-08-26,6857
2026-08-27,6225
2026-08-28,12667
2026-08-29,3302
2026-08-30,7296
2026-08-31,7834
2026-09-01,4488
2026-09-02,10029
2026-09-03,3818
2026-09-04,12833
2026-09-05,17313
2026-09-06,2938
2026-09-07,6925
2026-09-08,5206
2026-09-09,5826
2026-09-10,6717
2026-09-11,5994
2026-09-12,12526
2026-09-13,797
2026-09-14,6963
2026-09-15,6867
2026-09-16,7817
2026-09-17,4264
2026-09-18,6236
2026-09-19,9192
2026-09-20,8457
2026-09-21,3568
2026-09-22,4187
2026-09-23,4382
2026-09-24,4114
2026-09-25,7365
2026-09-26,11387
2026-09-27,10510
2026-09-28,3201
2026-09-29,3679
2026-09-30,5734
2026-10-01,198
